[CURRENT] Sales Transaction Export,,,,,,,
Oliveseed Foundation,,,,,,,
"January, 2023-December, 2030",,,,,,,

Donor,Transaction date,Num,Product/Service full name,Amount,REF #,Line created by,Line created date
Donor 1,01/03/2023,Bloom1068,Name 1,200.00,,Jim Mackraz,01/04/2023 12:33:05 AM
Donor 2,01/03/2023,Bloom1069,Name 2,300.00,,Jim Mackraz,01/04/2023 12:33:06 AM
Donor 3,01/03/2023,Bloom1070,Name 3,"2,168.09",,Jim Mackraz,01/03/2023 04:00:00 PM
Donor 4,01/05/2023,Bloom1071,Name 4,240.71,,Jim Mackraz,01/06/2023 12:33:40 AM
Donor 5,01/07/2023,Bloom1082,Name 5,39.87,,Jim Mackraz,01/29/2023 12:37:25 AM
Donor 6,01/10/2023,Bloom1083,Name 6,9.23,,Jim Mackraz,01/29/2023 12:37:25 AM
Donor 7,01/13/2023,Bloom1089,Name 7,"2,000.00",,Jim Mackraz,01/30/2023 12:28:45 AM
Donor 8,01/14/2023,Bloom1072,Name 8,"3,900.00",,Jim Mackraz,01/15/2023 12:23:40 AM
Donor 9,01/16/2023,Bloom1084,Name 9,4.89,,Jim Mackraz,01/29/2023 12:37:25 AM
Donor 10,01/17/2023,Bloom1127,Name 10,48.55,,Jim Mackraz,03/04/2023 12:24:29 AM
Donor 11,01/18/2023,Bloom1074,Name 11,392.00,,Jim Mackraz,01/19/2023 12:31:38 AM
Donor 12,01/18/2023,Bloom1085,Name 12,144.15,,Jim Mackraz,01/29/2023 12:37:26 AM
Donor 13,01/19/2023,Bloom1075,Name 13,"2,000.00",,Jim Mackraz,01/20/2023 12:33:19 AM
Donor 14,01/23/2023,Bloom1086,Name 14,99.49,,Jim Mackraz,01/29/2023 12:37:26 AM
Donor 15,01/25/2023,Bloom1091,Name 15,"1,250.40",,Jim Mackraz,02/02/2023 12:31:43 AM
Donor 16,01/27/2023,Bloom1087,Name 16,310.43,,Jim Mackraz,01/29/2023 12:37:26 AM
Donor 17,01/29/2023,Bloom1096,Name 17,96.02,,Jim Mackraz,02/12/2023 12:34:44 AM
Donor 18,01/31/2023,Bloom1090,Name 18,800.00,,Jim Mackraz,02/01/2023 12:35:15 AM
Donor 19,02/02/2023,Bloom1095,Name 19,700.00,,Jim Mackraz,02/08/2023 12:24:45 AM
Donor 20,02/07/2023,Bloom1094,Name 20,550.00,,Jim Mackraz,02/08/2023 12:24:44 AM
Donor 21,02/07/2023,Bloom1097,Name 21,39.87,,Jim Mackraz,02/12/2023 12:34:45 AM
Donor 22,02/08/2023,Bloom1098,Name 22,300.00,,Jim Mackraz,02/12/2023 12:34:45 AM
Donor 23,02/10/2023,Bloom1099,Name 23,9.23,,Jim Mackraz,02/12/2023 12:34:45 AM
Donor 24,02/13/2023,Bloom1134,Name 24,19.94,,Jim Mackraz,03/13/2023 05:00:41 PM
Donor 25,02/16/2023,Bloom1111,Name 25,4.89,,Jim Mackraz,03/04/2023 12:24:22 AM
Donor 26,02/18/2023,Bloom1112,Name 26,144.15,,Jim Mackraz,03/04/2023 12:24:23 AM
Donor 27,02/21/2023,Bloom1100,Name 27,680.00,,Jim Mackraz,02/22/2023 12:28:37 AM
Donor 28,02/21/2023,Bloom1101,Name 28,"1,700.00",,Jim Mackraz,02/22/2023 12:28:38 AM
Donor 29,02/21/2023,Bloom1102,Name 29,"1,000.00",,Jim Mackraz,02/22/2023 12:28:38 AM
Donor 30,02/21/2023,Bloom1113,Name 30,96.02,,Jim Mackraz,03/04/2023 12:24:23 AM
Donor 31,02/22/2023,Bloom1103,Name 31,80.00,,Jim Mackraz,02/23/2023 12:37:02 AM
Donor 32,02/22/2023,Bloom1104,Name 32,40.00,,Jim Mackraz,02/23/2023 12:37:02 AM
Donor 33,02/23/2023,Bloom1114,Name 33,99.49,,Jim Mackraz,03/04/2023 12:24:23 AM
Donor 34,02/25/2023,Bloom1115,Name 34,144.15,,Jim Mackraz,03/04/2023 12:24:24 AM
Donor 35,02/25/2023,Bloom1116,Name 35,96.02,,Jim Mackraz,03/04/2023 12:24:24 AM
Donor 36,02/26/2023,Bloom1105,Name 36,360.00,,Jim Mackraz,02/27/2023 12:23:56 AM
Donor 37,02/26/2023,Bloom1106,Name 37,40.00,,Jim Mackraz,02/27/2023 12:23:56 AM
Donor 38,02/26/2023,Bloom1107,Name 38,80.00,,Jim Mackraz,02/27/2023 12:23:57 AM
Donor 39,02/26/2023,Bloom1108,Name 39,40.00,,Jim Mackraz,02/27/2023 12:23:57 AM
Donor 40,02/26/2023,Bloom1109,Name 40,40.00,,Jim Mackraz,02/27/2023 12:23:58 AM
Donor 41,02/26/2023,Bloom1110,Name 41,240.00,,Jim Mackraz,02/27/2023 12:23:58 AM
Donor 42,02/26/2023,Bloom1117,Name 42,9.33,,Jim Mackraz,03/04/2023 12:24:25 AM
Donor 43,02/26/2023,Bloom1118,Name 43,100.00,,Jim Mackraz,03/04/2023 12:24:25 AM
Donor 44,02/26/2023,Bloom1119,Name 44,96.00,,Jim Mackraz,03/04/2023 12:24:25 AM
Donor 45,02/26/2023,Bloom1120,Name 45,120.01,,Jim Mackraz,03/04/2023 12:24:26 AM
Donor 46,02/26/2023,Bloom1121,Name 46,40.00,,Jim Mackraz,03/04/2023 12:24:26 AM
Donor 47,02/27/2023,Bloom1122,Name 47,50.00,,Jim Mackraz,03/04/2023 12:24:27 AM
Donor 48,02/27/2023,Bloom1123,Name 48,39.76,,Jim Mackraz,03/04/2023 12:24:27 AM
Donor 49,02/27/2023,Bloom1136 (1),Name 49,5.00,,Jim Mackraz,03/22/2023 03:57:13 PM
Donor 50,02/28/2023,Bloom1124,Name 50,96.00,,Jim Mackraz,03/04/2023 12:24:28 AM
Donor 51,02/28/2023,Bloom1137 (1),Name 51,"5,000.00",,Jim Mackraz,03/22/2023 03:57:13 PM
Donor 52,03/03/2023,Bloom1176 (1),Name 52,100.00,,Jim Mackraz,06/27/2023 01:32:08 AM
Donor 53,03/07/2023,Bloom1132,Name 53,39.87,,Jim Mackraz,03/13/2023 05:00:40 PM
Donor 54,03/10/2023,Bloom1129,Name 54,"5,000.00",,Jim Mackraz,03/11/2023 12:32:44 AM
Donor 55,03/10/2023,Bloom1133,Name 55,9.23,,Jim Mackraz,03/13/2023 05:00:41 PM
Donor 56,03/12/2023,Bloom1130,Name 56,500.00,,Jim Mackraz,03/13/2023 01:24:27 AM
Donor 57,03/13/2023,Bloom1131,Name 57,201.23,,Jim Mackraz,03/13/2023 05:00:40 PM
Donor 58,03/13/2023,Bloom1138 (1),Name 58,"2,000.00",,Jim Mackraz,03/22/2023 03:57:13 PM
Donor 59,03/14/2023,Bloom1143 (1),Name 59,38.11,,Jim Mackraz,04/13/2023 01:25:00 AM
Donor 60,03/16/2023,Bloom1144 (1),Name 60,4.89,,Jim Mackraz,04/13/2023 01:25:01 AM
Donor 61,03/18/2023,Bloom1145 (1),Name 61,144.15,,Jim Mackraz,04/13/2023 01:25:01 AM
Donor 62,03/21/2023,Bloom1146 (1),Name 62,300.00,,Jim Mackraz,04/13/2023 01:25:02 AM
Donor 63,03/22/2023,Bloom1135 (1),Name 63,5.00,,Jim Mackraz,03/22/2023 03:57:12 PM
Donor 64,03/23/2023,Bloom1147 (1),Name 64,99.49,,Jim Mackraz,04/13/2023 01:25:02 AM
Donor 65,03/29/2023,Bloom1148 (1),Name 65,69.99,,Jim Mackraz,04/13/2023 01:25:02 AM
Donor 66,04/01/2023,Bloom1140 (1),Name 66,"5,200.00",,Jim Mackraz,04/07/2023 01:33:33 AM
Donor 67,04/01/2023,Bloom1141 (1),Name 67,"2,000.00",,Jim Mackraz,04/07/2023 01:33:34 AM
Donor 68,04/07/2023,Bloom1149 (1),Name 68,39.87,,Jim Mackraz,04/13/2023 01:25:03 AM
Donor 69,04/09/2023,Bloom1150 (1),Name 69,"1,000.00",,Jim Mackraz,04/13/2023 01:25:03 AM
Donor 70,04/10/2023,Bloom1142 (1),Name 70,"12,000.00",,Jim Mackraz,04/11/2023 01:24:49 AM
Donor 71,04/10/2023,Bloom1151 (1),Name 71,9.23,,Jim Mackraz,04/13/2023 01:25:03 AM
Donor 72,04/16/2023,Bloom1153 (1),Name 72,4.89,,Jim Mackraz,04/23/2023 12:34:36 PM
Donor 73,04/18/2023,Bloom1154 (1),Name 73,144.15,,Jim Mackraz,04/23/2023 12:34:36 PM
Donor 74,04/20/2023,Bloom1152 (1),Name 74,750.00,,Jim Mackraz,04/21/2023 01:36:11 AM
Donor 75,04/23/2023,Bloom1164 (1),Name 75,99.49,,Jim Mackraz,06/27/2023 01:32:05 AM
Donor 76,04/24/2023,Bloom1161 (1),Name 76,"2,500.00",,Jim Mackraz,05/21/2023 01:29:51 AM
Donor 77,04/25/2023,Bloom1155 (1),Name 77,500.00,,Jim Mackraz,04/26/2023 01:34:36 AM
Donor 78,05/01/2023,Bloom1156 (1),Name 78,"6,000.00",,Jim Mackraz,05/02/2023 01:27:29 AM
Donor 79,05/04/2023,Bloom1160 (1),Name 79,300.00,,Jim Mackraz,05/15/2023 01:32:29 AM
Donor 80,05/04/2023,Bloom1183 (3),Name 80,7.35,,Jim Mackraz,07/16/2023 05:25:41 PM
Donor 81,05/07/2023,Bloom1165 (1),Name 81,39.87,,Jim Mackraz,06/27/2023 01:32:05 AM
Donor 82,05/09/2023,Bloom1157 (1),Name 82,"15,000.00",,Jim Mackraz,05/12/2023 01:26:50 AM
Donor 83,05/09/2023,Bloom1158 (1),Name 83,350.00,,Jim Mackraz,05/12/2023 01:26:50 AM
Donor 84,05/10/2023,Bloom1166 (1),Name 84,9.23,,Jim Mackraz,06/27/2023 01:32:06 AM
Donor 85,05/11/2023,Bloom1159 (1),Name 85,"2,424.00",,Jim Mackraz,05/12/2023 01:26:51 AM
Donor 86,05/16/2023,Bloom1162 (1),Name 86,"1,850.00",,Jim Mackraz,05/25/2023 01:24:42 AM
Donor 87,05/16/2023,Bloom1167 (1),Name 87,4.89,,Jim Mackraz,06/27/2023 01:32:06 AM
Donor 88,05/18/2023,Bloom1168 (1),Name 88,144.15,,Jim Mackraz,06/27/2023 01:32:06 AM
Donor 89,05/22/2023,Cash Donation 222,Name 89,19.32,9215319235,Jim Mackraz,07/16/2023 05:03:03 PM
Donor 90,05/23/2023,Bloom1169 (1),Name 90,99.49,,Jim Mackraz,06/27/2023 01:32:07 AM
Donor 91,05/31/2023,Bloom1170 (1),Name 91,503.41,,Jim Mackraz,06/27/2023 01:32:07 AM
Donor 92,06/07/2023,Bloom1171 (1),Name 92,39.87,,Jim Mackraz,06/27/2023 01:32:07 AM
Donor 93,06/10/2023,Bloom1172 (1),Name 93,9.23,,Jim Mackraz,06/27/2023 01:32:07 AM
Donor 94,06/16/2023,Bloom1173 (1),Name 94,4.89,,Jim Mackraz,06/27/2023 01:32:08 AM
Donor 95,06/18/2023,Bloom1174 (1),Name 95,144.15,,Jim Mackraz,06/27/2023 01:32:08 AM
Donor 96,06/19/2023,Bloom1163 (1),Name 96,"5,000.00",,Jim Mackraz,06/20/2023 01:33:51 AM
Donor 97,06/23/2023,Bloom1175 (1),Name 97,99.49,,Jim Mackraz,06/27/2023 01:32:08 AM
Donor 98,06/29/2023,Bloom1177 (1),Name 98,250.00,,Jim Mackraz,06/30/2023 01:27:07 AM
Donor 99,06/29/2023,Bloom1178 (1),Name 99,"1,000.00",,Jim Mackraz,06/30/2023 01:27:07 AM
Donor 100,06/29/2023,9004,Name 100,200.00,32434213,Jim Mackraz,07/19/2023 01:21:00 PM
Donor 101,06/29/2023,9005,Name 101,80.01,32455866,Jim Mackraz,07/19/2023 01:23:26 PM
Donor 102,07/01/2023,Bloom1179 (1),Name 102,100.00,,Jim Mackraz,07/02/2023 01:36:12 AM
Donor 103,07/01/2023,Bloom1180 (1),Name 103,160.00,,Jim Mackraz,07/02/2023 01:36:13 AM
Donor 104,07/05/2023,Bloom1181 (1),Name 104,410.00,,Jim Mackraz,07/06/2023 01:25:31 AM
Donor 105,07/05/2023,Bloom1182 (1),Name 105,40.00,,Jim Mackraz,07/06/2023 01:25:32 AM
Donor 106,07/05/2023,Bloom1183 (1),Name 106,80.00,,Jim Mackraz,07/06/2023 01:25:32 AM
Donor 107,07/05/2023,9006,Name 107,40.00,32483087,Jim Mackraz,07/19/2023 01:26:35 PM
Donor 108,07/05/2023,9007,Name 108,39.87,,Jim Mackraz,07/19/2023 02:16:01 PM
Donor 109,07/05/2023,9061,Name 109,75.00,,Jim Mackraz,11/06/2023 08:16:47 PM
Donor 110,07/05/2023,9062,Name 110,30.00,,Jim Mackraz,11/06/2023 08:17:29 PM
Donor 111,07/05/2023,9063,Name 111,100.00,,Jim Mackraz,11/06/2023 08:18:10 PM
Donor 112,07/05/2023,9064,Name 112,25.00,,Jim Mackraz,11/06/2023 08:19:02 PM
Donor 113,07/05/2023,9065,Name 113,100.00,,Jim Mackraz,11/06/2023 08:20:14 PM
Donor 114,07/05/2023,9066,Name 114,50.00,,Jim Mackraz,11/06/2023 08:21:59 PM
Donor 115,07/05/2023,9067,Name 115,25.00,,Jim Mackraz,11/06/2023 08:22:54 PM
Donor 116,07/06/2023,9051,Name 116,100.00,4N0RZ3DEEV,Stephanie Gray,10/22/2023 11:05:53 AM
Donor 117,07/06/2023,9052,Name 117,100.00,4N0RZ3DEEV,Stephanie Gray,10/22/2023 01:52:58 PM
Donor 118,07/06/2023,9068,Name 118,55.00,,Jim Mackraz,11/06/2023 08:25:17 PM
Donor 119,07/06/2023,9069,Name 119,20.00,,Jim Mackraz,11/06/2023 08:26:07 PM
Donor 120,07/06/2023,9070,Name 120,65.00,,Jim Mackraz,11/06/2023 08:26:46 PM
Donor 121,07/07/2023,9001,Name 121,"32,000.00",13505232,Jim Mackraz,07/17/2023 05:00:00 PM
Donor 122,07/07/2023,9008,Name 122,47.46,32538990,Jim Mackraz,07/19/2023 02:18:33 PM
Donor 123,07/07/2023,9009,Name 123,96.02,32540437,Jim Mackraz,07/19/2023 02:22:23 PM
Donor 124,07/07/2023,9010,Name 124,9.23,32597774,Jim Mackraz,07/19/2023 02:24:06 PM
Donor 125,07/09/2023,9071,Name 125,60.00,,Jim Mackraz,11/06/2023 08:27:24 PM
Donor 126,07/12/2023,9072,Name 126,100.00,,Jim Mackraz,11/06/2023 08:28:43 PM
Donor 127,07/14/2023,9073,Name 127,500.00,,Jim Mackraz,11/06/2023 08:29:53 PM
Donor 128,07/16/2023,9011,Name 128,4.89,32729635,Jim Mackraz,07/19/2023 02:25:25 PM
Donor 129,07/18/2023,9012,Name 129,144.15,32784320,Jim Mackraz,07/19/2023 02:26:43 PM
Donor 130,07/19/2023,9002,Name 130,40.00,San Francisco,Jim Mackraz,07/19/2023 01:11:05 PM
Donor 131,07/19/2023,9003,Name 131,240.00,32380512,Jim Mackraz,07/19/2023 01:13:25 PM
Donor 132,07/19/2023,9074,Name 132,100.00,,Jim Mackraz,11/06/2023 08:31:38 PM
Donor 133,07/23/2023,9021,Name 133,99.49,32905545,Stephanie Gray,09/24/2023 12:49:50 PM
Donor 134,07/25/2023,9013,Name 134,"1,000.00",3076,Jim Mackraz,07/28/2023 10:17:57 AM
Donor 135,07/26/2023,9022,Name 135,80.01,32986712,Stephanie Gray,09/24/2023 12:59:02 PM
Donor 136,07/26/2023,9023,Name 136,493.55,33037127,Stephanie Gray,09/24/2023 01:06:12 PM
Donor 137,07/31/2023,9014,Name 137,40.00,766,Barb Mackraz,08/07/2023 04:27:39 PM
Donor 138,08/05/2023,9024,Name 138,38.01,33244191,Stephanie Gray,09/24/2023 01:11:00 PM
Donor 139,08/07/2023,9025,Name 139,39.77,33290175,Stephanie Gray,09/24/2023 01:14:03 PM
Donor 140,08/09/2023,9026,Name 140,960.20,33347442,Stephanie Gray,09/24/2023 01:24:03 PM
Donor 141,08/10/2023,9015,Name 141,283.74,3077,Barb Mackraz,08/10/2023 05:16:34 PM
Donor 142,08/10/2023,9016,Name 142,300.00,2033,Barb Mackraz,08/10/2023 05:19:20 PM
Donor 143,08/10/2023,9027,Name 143,50.00,33351714,Stephanie Gray,09/24/2023 01:31:03 PM
Donor 144,08/10/2023,9028,Name 144,9.20,33357713,Stephanie Gray,09/24/2023 01:38:11 PM
Donor 145,08/11/2023,9017,Name 145,"1,500.00",346,Barb Mackraz,08/11/2023 03:27:38 PM
Donor 146,08/16/2023,9029,Name 146,4.89,33494879,Stephanie Gray,09/24/2023 01:42:03 PM
Donor 147,08/18/2023,9030,Name 147,143.78,33558992,Stephanie Gray,09/24/2023 01:44:06 PM
Donor 148,08/23/2023,9031,Name 148,99.23,33681232,Stephanie Gray,09/24/2023 01:47:08 PM
Donor 149,08/31/2023,9032,Name 149,"1,440.45",33876089,Stephanie Gray,09/24/2023 01:53:56 PM
Donor 150,09/02/2023,9018,Name 150,100.00,,Jim Mackraz,09/11/2023 02:27:34 PM
Donor 151,09/03/2023,9033,Name 151,480.81,33974658,Stephanie Gray,09/24/2023 02:21:42 PM
Donor 152,09/07/2023,9034,Name 152,39.77,34071711,Stephanie Gray,09/24/2023 02:25:33 PM
Donor 153,09/10/2023,9035,Name 153,9.20,34147750,Stephanie Gray,09/24/2023 02:29:03 PM
Donor 154,09/12/2023,9019,Name 154,"3,000.00",64661,Jim Mackraz,09/18/2023 05:00:00 PM
Donor 155,09/13/2023,9036,Name 155,47.72,34237484,Stephanie Gray,09/24/2023 02:32:27 PM
Donor 156,09/14/2023,9020,Name 156,"1,000.00",4029491697,Jim Mackraz,09/19/2023 12:52:13 PM
Donor 157,09/16/2023,9037,Name 157,4.89,34294534,Stephanie Gray,09/24/2023 02:36:06 PM
Donor 158,09/18/2023,9038,Name 158,143.78,34351131,Stephanie Gray,09/24/2023 02:38:25 PM
Donor 159,09/18/2023,9231,Name 159,80.00,8590,Barb Mackraz,10/20/2024 01:00:30 PM
Donor 160,09/20/2023,9039,Name 160,960.20,34412966,Stephanie Gray,09/24/2023 02:40:13 PM
Donor 161,09/21/2023,9041,Name 161,"98,000.00",13691627,Jim Mackraz,10/01/2023 05:00:00 PM
Donor 162,09/21/2023,9041,Name 162,"27,000.00",13691627,Barb Mackraz,08/16/2024 11:14:34 AM
Donor 163,09/23/2023,9040,Name 163,50.60,34476996,Stephanie Gray,09/24/2023 02:42:17 PM
Donor 164,09/30/2023,9044,Name 164,5.00,34699934,Stephanie Gray,10/22/2023 10:18:18 AM
Donor 165,10/02/2023,9053,Name 165,"1,335.36",,Jim Mackraz,10/26/2023 11:45:45 AM
Donor 166,10/03/2023,9042,Name 166,"5,000.00",14547,Barb Mackraz,10/13/2023 02:27:06 PM
Donor 167,10/03/2023,9080,Name 167,500.00,943481831,Jim Mackraz,11/13/2023 08:13:54 PM
Donor 168,10/07/2023,9045,Name 168,39.77,34885514,Stephanie Gray,10/22/2023 10:25:27 AM
Donor 169,10/10/2023,9046,Name 169,9.20,34963504,Stephanie Gray,10/22/2023 10:38:12 AM
Donor 170,10/12/2023,9047,Name 170,80.00,35022169,Stephanie Gray,10/22/2023 10:43:07 AM
Donor 171,10/14/2023,9059,Name 171,"1,000.00",,Jim Mackraz,11/03/2023 10:25:31 AM
Donor 172,10/16/2023,9043,Name 172,500.00,7925,Barb Mackraz,10/17/2023 08:10:25 PM
Donor 173,10/16/2023,9048,Name 173,4.89,35140693,Stephanie Gray,10/22/2023 10:45:00 AM
Donor 174,10/17/2023,9049,Name 174,47.72,35190134,Stephanie Gray,10/22/2023 10:48:05 AM
Donor 175,10/19/2023,9050,Name 175,143.78,35242685,Stephanie Gray,10/22/2023 10:49:43 AM
Donor 176,10/23/2023,9075,Name 176,50.60,35347245,Stephanie Gray,11/10/2023 04:19:05 PM
Donor 177,10/24/2023,9054,Name 177,"4,942.38",,Jim Mackraz,10/26/2023 11:47:39 AM
Donor 178,10/24/2023,9056,Name 178,"50,000.00",0063487224,Jim Mackraz,11/03/2023 10:15:59 AM
Donor 179,10/24/2023,9057,Name 179,"1,000.00",0063487223,Jim Mackraz,11/03/2023 10:17:51 AM
Donor 180,10/24/2023,9057,Name 180,"3,000.00",0063487223,Jim Mackraz,11/03/2023 10:17:51 AM
Donor 181,10/24/2023,9076,Name 181,"4,500.00",35392558,Stephanie Gray,11/10/2023 04:00:00 PM
Donor 182,10/30/2023,9077,Name 182,335.88,35567713,Stephanie Gray,11/10/2023 04:28:19 PM
Donor 183,10/31/2023,9058,Name 183,500.00,199,Jim Mackraz,11/03/2023 10:19:16 AM
Donor 184,10/31/2023,9060,Name 184,100.00,,Barb Mackraz,11/03/2023 03:24:18 PM
Donor 185,11/02/2023,9078,Name 185,38.12,35656843,Stephanie Gray,11/10/2023 04:33:06 PM
Donor 186,11/07/2023,9079,Name 186,39.77,35804224,Stephanie Gray,11/10/2023 04:35:48 PM
Donor 187,11/10/2023,9089,Name 187,9.20,36090090,Stephanie Gray,12/20/2023 04:50:57 PM
Donor 188,11/13/2023,9131,Name 188,50.00,501JZWZBJR,Stephanie Gray,02/12/2024 08:19:16 PM
Donor 189,11/16/2023,9090,Name 189,4.89,36242558,Stephanie Gray,12/20/2023 04:59:04 PM
Donor 190,11/17/2023,9132,Name 190,400.00,50T8SSJWAM,Stephanie Gray,02/12/2024 08:22:36 PM
Donor 191,11/18/2023,9091,Name 191,143.78,36320159,Stephanie Gray,12/20/2023 05:03:51 PM
Donor 192,11/18/2023,9133,Name 192,"1,000.00",5106JPVL01,Stephanie Gray,02/12/2024 08:25:09 PM
Donor 193,11/21/2023,9205,Name 193,44.11,1K165542BM4188224,Jim Mackraz,08/10/2024 09:22:51 PM
Donor 194,11/23/2023,9092,Name 194,50.60,36459378,Stephanie Gray,12/20/2023 05:07:10 PM
Donor 195,11/25/2023,9081,Name 195,"1,000.00",0009643432,Barb Mackraz,11/25/2023 09:42:34 AM
Donor 196,11/28/2023,9082,Name 196,57.00,1521,Barb Mackraz,11/28/2023 08:39:40 PM
Donor 197,11/28/2023,9083,Name 197,42.00,644,Barb Mackraz,11/28/2023 08:42:35 PM
Donor 198,11/28/2023,9093,Name 198,47.63,36639407,Stephanie Gray,12/20/2023 05:10:57 PM
Donor 199,11/28/2023,9094,Name 199,99.99,36642090,Stephanie Gray,12/20/2023 05:14:24 PM
Donor 200,11/28/2023,9095,Name 200,191.80,36649620,Stephanie Gray,12/20/2023 05:20:23 PM
Donor 201,11/28/2023,9096,Name 201,99.99,36653584,Stephanie Gray,12/20/2023 05:24:33 PM
Donor 202,11/29/2023,9097,Name 202,98.94,36703362,Stephanie Gray,12/20/2023 05:27:09 PM
Donor 203,11/29/2023,9098,Name 203,95.75,36711768,Stephanie Gray,12/20/2023 05:32:42 PM
Donor 204,11/29/2023,9134,Name 204,888.75,52WNAALMXF,Stephanie Gray,02/12/2024 08:28:14 PM
Donor 205,12/07/2023,9084,Name 205,"2,000.00",149,Barb Mackraz,12/07/2023 05:14:03 PM
Donor 206,12/07/2023,9085,Name 206,50.00,0009745311,Barb Mackraz,12/07/2023 05:16:46 PM
Donor 207,12/07/2023,9099,Name 207,39.77,36979393,Stephanie Gray,12/20/2023 05:35:48 PM
Donor 208,12/08/2023,9086,Name 208,25.00,1694,Barb Mackraz,12/08/2023 11:18:49 AM
Donor 209,12/10/2023,9100,Name 209,9.20,37077459,Stephanie Gray,12/20/2023 05:39:04 PM
Donor 210,12/13/2023,9101,Name 210,"2,000.00",37190646,Stephanie Gray,12/20/2023 04:00:00 PM
Donor 211,12/16/2023,9102,Name 211,4.89,37266256,Stephanie Gray,12/20/2023 05:44:27 PM
Donor 212,12/16/2023,9103,Name 212,47.72,37286436,Stephanie Gray,12/20/2023 05:48:46 PM
Donor 213,12/17/2023,9087,Name 213,"1,100.00",,Barb Mackraz,12/17/2023 04:00:00 PM
Donor 214,12/18/2023,9104,Name 214,143.78,37341541,Stephanie Gray,12/20/2023 05:50:45 PM
Donor 215,12/18/2023,9201,Name 215,50.00,580,Barb Mackraz,08/10/2024 05:00:00 PM
Donor 216,12/20/2023,9088,Name 216,"3,222.45",,Barb Mackraz,12/19/2023 04:00:00 PM
Donor 217,12/20/2023,9088,Name 217,350.00,,Barb Mackraz,12/19/2023 04:00:00 PM
Donor 218,12/20/2023,9206,Name 218,"1,100.00",,Barb Mackraz,08/10/2024 05:00:00 PM
Donor 219,12/21/2023,9105,Name 219,500.00,,Barb Mackraz,12/21/2023 04:00:00 PM
Donor 220,12/21/2023,9106,Name 220,800.00,,Barb Mackraz,12/21/2023 06:03:11 PM
Donor 221,12/21/2023,9106,Name 221,800.00,,Barb Mackraz,12/21/2023 06:03:11 PM
Donor 222,12/21/2023,9107,Name 222,500.00,,Barb Mackraz,12/21/2023 06:08:24 PM
Donor 223,12/21/2023,9108,Name 223,"1,100.00",,Barb Mackraz,12/21/2023 04:00:00 PM
Donor 224,12/21/2023,9108,Name 224,550.00,,Barb Mackraz,12/21/2023 04:00:00 PM
Donor 225,12/21/2023,9204,Name 225,481.62,2H41986052038690V,Jim Mackraz,08/10/2024 09:19:46 PM
Donor 226,12/23/2023,9113,Name 226,50.60,37508196,Stephanie Gray,01/07/2024 09:41:54 AM
Donor 227,12/26/2023,9114,Name 227,114.96,37605151,Stephanie Gray,01/07/2024 09:44:11 AM
Donor 228,12/27/2023,9109,Name 228,"2,200.00",,Barb Mackraz,12/27/2023 04:00:00 PM
Donor 229,12/27/2023,9115,Name 229,95.77,37633489,Stephanie Gray,01/07/2024 09:49:11 AM
Donor 230,12/28/2023,9116,Name 230,200.00,37677558,Stephanie Gray,01/07/2024 09:51:09 AM
Donor 231,12/31/2023,9117,Name 231,150.00,37807837,Stephanie Gray,01/07/2024 09:53:29 AM
Donor 232,12/31/2023,9118,Name 232,500.00,37808122,Stephanie Gray,01/07/2024 09:58:03 AM
Donor 233,12/31/2023,9119,Name 233,18.76,37814594,Stephanie Gray,01/07/2024 10:01:29 AM
Donor 234,12/31/2023,9135,Name 234,300.00,56VH9HHT7K,Stephanie Gray,02/12/2024 08:35:07 PM
Donor 235,01/03/2024,9110,Name 235,"1,100.00",355,Barb Mackraz,01/02/2024 04:00:00 PM
Donor 236,01/03/2024,9111,Name 236,"1,100.00",,Barb Mackraz,01/02/2024 04:00:00 PM
Donor 237,01/04/2024,9112,Name 237,"1,100.00",,Barb Mackraz,01/03/2024 04:00:00 PM
Donor 238,01/07/2024,9120,Name 238,150.00,1192,Barb Mackraz,01/07/2024 08:24:18 PM
Donor 239,01/07/2024,9123,Name 239,39.77,37990570,Stephanie Gray,02/11/2024 07:26:44 AM
Donor 240,01/10/2024,9124,Name 240,9.20,38065954,Stephanie Gray,02/10/2024 04:00:00 PM
Donor 241,01/16/2024,9125,Name 241,4.89,38203903,Stephanie Gray,02/11/2024 07:32:53 AM
Donor 242,01/18/2024,9126,Name 242,143.78,38268847,Stephanie Gray,02/11/2024 07:34:48 AM
Donor 243,01/19/2024,9121,Name 243,"3,000.00",682,Barb Mackraz,01/19/2024 04:21:55 PM
Donor 244,01/19/2024,9122,Name 244,"2,000.00",1405,Barb Mackraz,01/19/2024 04:22:55 PM
Donor 245,01/23/2024,9127,Name 245,50.60,38391704,Stephanie Gray,02/11/2024 07:37:59 AM
Donor 246,02/03/2024,9128,Name 246,99.99,38717222,Stephanie Gray,02/11/2024 07:42:29 AM
Donor 247,02/05/2024,9129,Name 247,300.00,38767401,Stephanie Gray,02/11/2024 07:44:19 AM
Donor 248,02/07/2024,9130,Name 248,39.77,38811051,Stephanie Gray,02/11/2024 07:46:13 AM
Donor 249,02/12/2024,9136,Name 249,500.00,1188,Barb Mackraz,02/12/2024 10:05:07 PM
Donor 250,02/14/2024,9139,Name 250,47.37,38998612,Stephanie Gray,03/17/2024 11:32:03 AM
Donor 251,02/16/2024,9140,Name 251,4.89,39031692,Stephanie Gray,03/17/2024 11:35:24 AM
Donor 252,02/18/2024,9141,Name 252,143.78,39096738,Stephanie Gray,03/17/2024 11:37:21 AM
Donor 253,02/22/2024,9142,Name 253,50.00,39205424,Stephanie Gray,03/17/2024 11:40:40 AM
Donor 254,02/23/2024,9143,Name 254,50.60,39223536,Stephanie Gray,03/17/2024 11:42:23 AM
Donor 255,03/05/2024,9144,Name 255,300.00,39576267,Stephanie Gray,03/17/2024 11:44:43 AM
Donor 256,03/07/2024,9145,Name 256,39.77,39629001,Stephanie Gray,03/17/2024 11:46:26 AM
Donor 257,03/08/2024,9137,Name 257,800.00,74086,Barb Mackraz,03/07/2024 04:00:00 PM
Donor 258,03/08/2024,9137,Name 258,800.00,74086,Barb Mackraz,03/07/2024 04:00:00 PM
Donor 259,03/16/2024,9138,Name 259,500.00,168336,Barb Mackraz,03/16/2024 10:09:37 AM
Donor 260,03/16/2024,9146,Name 260,4.89,39891800,Stephanie Gray,03/17/2024 11:48:05 AM
Donor 261,03/18/2024,9151,Name 261,143.78,39953723,Stephanie Gray,04/21/2024 03:55:12 PM
Donor 262,03/20/2024,9147,Name 262,"1,000.00",1146,Barb Mackraz,03/20/2024 05:06:00 PM
Donor 263,03/23/2024,9152,Name 263,50.60,40100379,Stephanie Gray,04/21/2024 03:59:06 PM
Donor 264,03/23/2024,9153,Name 264,50.00,40107600,Stephanie Gray,04/21/2024 04:01:44 PM
Donor 265,03/25/2024,9148,Name 265,500.00,12461,Barb Mackraz,03/25/2024 06:40:25 PM
Donor 266,04/05/2024,9154,Name 266,300.00,40503246,Stephanie Gray,04/21/2024 04:04:26 PM
Donor 267,04/07/2024,9155,Name 267,39.77,40573125,Stephanie Gray,04/21/2024 04:07:34 PM
Donor 268,04/16/2024,9156,Name 268,4.89,40830495,Stephanie Gray,04/21/2024 04:10:59 PM
Donor 269,04/18/2024,9149,Name 269,750.00,1043,Barb Mackraz,04/18/2024 06:25:06 PM
Donor 270,04/18/2024,9157,Name 270,143.78,40900977,Stephanie Gray,04/21/2024 04:12:52 PM
Donor 271,04/19/2024,9150,Name 271,"3,300.00",74421,Barb Mackraz,04/18/2024 05:00:00 PM
Donor 272,04/19/2024,9150,Name 272,"3,300.00",74421,Barb Mackraz,04/18/2024 05:00:00 PM
Donor 273,04/21/2024,9161,Name 273,23.71,40988329,Stephanie Gray,05/04/2024 10:19:28 AM
Donor 274,04/21/2024,9162,Name 274,95.75,40988403,Stephanie Gray,05/04/2024 10:21:34 AM
Donor 275,04/23/2024,9163,Name 275,50.60,41035355,Stephanie Gray,05/03/2024 05:00:00 PM
Donor 276,04/26/2024,9158,Name 276,"40,000.00",0001262067,Barb Mackraz,04/25/2024 05:00:00 PM
Donor 277,04/26/2024,9159,Name 277,"41,000.00",,Barb Mackraz,04/25/2024 05:00:00 PM
Donor 278,04/26/2024,9160,Name 278,"1,691.00",2965,Barb Mackraz,04/25/2024 05:00:00 PM
Donor 279,04/27/2024,9164,Name 279,143.78,41160265,Stephanie Gray,05/04/2024 10:24:11 AM
Donor 280,04/30/2024,9165,Name 280,143.78,41255254,Stephanie Gray,05/04/2024 10:25:25 AM
Donor 281,05/02/2024,9202,Name 281,10.00,5GPMMR68Z7,Jim Mackraz,08/10/2024 08:21:10 PM
Donor 282,05/06/2024,9170,Name 282,479.95,41456067,Stephanie Gray,06/16/2024 10:43:32 AM
Donor 283,05/07/2024,9171,Name 283,39.77,41471626,Stephanie Gray,06/16/2024 10:45:46 AM
Donor 284,05/12/2024,9225,Name 284,"2,000.00",,Barb Mackraz,09/14/2024 03:12:34 PM
Donor 285,05/14/2024,9203,Name 285,753.07,2H41986052038690V,Jim Mackraz,08/10/2024 09:18:23 PM
Donor 286,05/16/2024,9172,Name 286,4.89,41744276,Stephanie Gray,06/16/2024 10:47:16 AM
Donor 287,05/18/2024,9173,Name 287,143.78,41821448,Stephanie Gray,06/16/2024 10:48:56 AM
Donor 288,05/23/2024,9174,Name 288,50.60,41979622,Stephanie Gray,06/16/2024 10:50:45 AM
Donor 289,05/25/2024,9166,Name 289,"1,784.09",,Barb Mackraz,05/24/2024 05:00:00 PM
Donor 290,05/25/2024,9167,Name 290,911.00,2558,Barb Mackraz,05/24/2024 05:00:00 PM
Donor 291,05/30/2024,9175,Name 291,143.78,42230559,Stephanie Gray,06/16/2024 10:52:12 AM
Donor 292,06/07/2024,9176,Name 292,39.77,42487325,Stephanie Gray,06/16/2024 10:53:30 AM
Donor 293,06/11/2024,9168,Name 293,49.00,1909,Barb Mackraz,06/11/2024 02:35:15 PM
Donor 294,06/15/2024,9169,Name 294,"2,000.00",4030359360,Barb Mackraz,06/15/2024 04:42:31 PM
Donor 295,06/16/2024,9178,Name 295,4.89,42759236,Jim Mackraz,07/19/2024 03:56:04 PM
Donor 296,06/18/2024,9179,Name 296,143.78,42822251,Jim Mackraz,07/19/2024 03:57:33 PM
Donor 297,06/23/2024,9180,Name 297,50.60,42984140,Jim Mackraz,07/19/2024 03:58:58 PM
Donor 298,06/23/2024,9181,Name 298,47.72,42989525,Jim Mackraz,07/19/2024 04:00:04 PM
Donor 299,06/27/2024,9177,Name 299,"10,000.00",1387537,Barb Mackraz,06/27/2024 05:00:00 PM
Donor 300,06/27/2024,9182,Name 300,99.99,43105663,Jim Mackraz,07/19/2024 04:01:17 PM
Donor 301,06/27/2024,9184,Name 301,11.23,43513131,Jim Mackraz,07/19/2024 04:07:29 PM
Donor 302,06/30/2024,9200,Name 302,143.78,,Barb Mackraz,08/10/2024 05:57:25 PM
Donor 303,07/07/2024,9183,Name 303,39.77,43458480,Jim Mackraz,07/18/2024 05:00:00 PM
Donor 304,07/08/2024,9185,Name 304,24.00,1093,Jim Mackraz,07/19/2024 04:10:22 PM
Donor 305,07/09/2024,9186,Name 305,99.99,95370,Jim Mackraz,07/19/2024 04:12:19 PM
Donor 306,07/10/2024,9187,Name 306,192.03,43580907,Jim Mackraz,07/19/2024 04:14:17 PM
Donor 307,07/10/2024,9188,Name 307,4.89,43742754,Jim Mackraz,07/18/2024 05:00:00 PM
Donor 308,07/12/2024,9198,Name 308,"6,000.00",,Barb Mackraz,08/10/2024 12:38:04 PM
Donor 309,07/12/2024,9198,Name 309,"5,000.00",,Barb Mackraz,08/10/2024 12:38:04 PM
Donor 310,07/12/2024,9198,Name 310,250.00,,Barb Mackraz,08/10/2024 12:38:04 PM
Donor 311,07/12/2024,9198,Name 311,300.00,,Barb Mackraz,08/10/2024 12:38:04 PM
Donor 312,07/12/2024,9198,Name 312,450.00,,Barb Mackraz,08/10/2024 12:38:04 PM
Donor 313,07/12/2024,9199,Name 313,"1,000.00",131,Barb Mackraz,08/10/2024 05:46:28 PM
Donor 314,07/15/2024,9197,Name 314,"1,040.00",,Barb Mackraz,08/08/2024 05:00:00 PM
Donor 315,07/18/2024,9189,Name 315,143.78,43810405,Jim Mackraz,07/18/2024 05:00:00 PM
Donor 316,07/18/2024,9191,Name 316,500.00,271,Barb Mackraz,07/27/2024 02:22:58 PM
Donor 317,07/22/2024,9193,Name 317,"1,000.00",14663129,Barb Mackraz,07/29/2024 02:48:55 PM
Donor 318,07/22/2024,9196,Name 318,"2,500.00",78002,Barb Mackraz,08/06/2024 01:25:22 PM
Donor 319,07/23/2024,9212,Name 319,50.60,ch_3PflcGLpAglNISLQ0f,Jim Mackraz,09/14/2024 11:52:39 AM
Donor 320,07/24/2024,9194,Name 320,"1,200.00",,Barb Mackraz,08/05/2024 05:00:00 PM
Donor 321,07/26/2024,9190,Name 321,500.00,2975,Barb Mackraz,07/26/2024 05:00:00 PM
Donor 322,07/29/2024,9192,Name 322,"1,100.00",365,Barb Mackraz,07/29/2024 11:23:09 AM
Donor 323,07/30/2024,9213,Name 323,143.78,07/23/2024,Jim Mackraz,09/14/2024 11:54:02 AM
Donor 324,08/03/2024,9214,Name 324,120.00,ch_3PjveVLpAglNISLQ0B,Jim Mackraz,09/14/2024 11:56:38 AM
Donor 325,08/03/2024,9215,Name 325,143.99,ch_3PjvgwLpAglNISLQ0J,Jim Mackraz,09/13/2024 05:00:00 PM
Donor 326,08/05/2024,9207,Name 326,500.00,14697317,Barb Mackraz,08/12/2024 09:47:40 PM
Donor 327,08/06/2024,9195,Name 327,714.00,,Barb Mackraz,08/06/2024 01:22:39 PM
Donor 328,08/14/2024,9216,Name 328,120.00,ch_3PniYILpAglNISLQ1n,Jim Mackraz,09/13/2024 05:00:00 PM
Donor 329,08/16/2024,9209,Name 329,250.00,14725098,Barb Mackraz,08/26/2024 04:26:05 PM
Donor 330,08/16/2024,9217,Name 330,4.89,44638582,Jim Mackraz,09/14/2024 12:11:12 PM
Donor 331,08/17/2024,9218,Name 331,95.75,kpeddle@hotmail.com,Jim Mackraz,09/13/2024 05:00:00 PM
Donor 332,08/18/2024,9219,Name 332,143.78,kpeddle@hotmail.com,Jim Mackraz,09/14/2024 12:15:14 PM
Donor 333,08/18/2024,9220,Name 333,"1,000.00",ch_3PpBfOLpAglNISLQ0L,Jim Mackraz,09/14/2024 12:16:19 PM
Donor 334,08/20/2024,9208,Name 334,525.00,,Barb Mackraz,08/20/2024 07:50:38 AM
Donor 335,08/21/2024,,Name 335,120.00,ch_3PqKP2LpAglNISLQ1M,Jim Mackraz,09/14/2024 02:48:24 PM
Donor 336,08/22/2024,9221,Name 336,239.82,ch_3PqesrLpAglNISLQ1T,Jim Mackraz,09/14/2024 12:18:22 PM
Donor 337,08/23/2024,9222,Name 337,50.60,ch_3Pr0OoLpAglNISLQ0F,Jim Mackraz,09/14/2024 12:19:26 PM
Donor 338,08/30/2024,9223,Name 338,143.78,ch_3PtXqNLpAglNISLQ0m,Jim Mackraz,09/14/2024 12:21:38 PM
Donor 339,08/31/2024,9210,Name 339,150.00,344,Barb Mackraz,09/05/2024 05:50:32 PM
Donor 340,09/07/2024,9224,Name 340,11.06,mwojuok@gmail.com,Jim Mackraz,09/14/2024 12:24:49 PM
Donor 341,09/08/2024,9211,Name 341,237.20,,Barb Mackraz,09/07/2024 05:00:00 PM
Donor 342,09/11/2024,9226,Name 342,"6,000.00",14787904,Jim Mackraz,09/19/2024 02:13:00 PM
Donor 343,09/11/2024,9243,Name 343,156.48,,Barb Mackraz,11/12/2024 04:00:00 PM
Donor 344,09/16/2024,9242,Name 344,4.89,45545433,Barb Mackraz,11/12/2024 04:00:00 PM
Donor 345,09/17/2024,ch,Name 345,"3,000.00",995207,Jim Mackraz,09/19/2024 02:15:00 PM
Donor 346,09/18/2024,9239,Name 346,143.78,45608188,Barb Mackraz,11/12/2024 04:00:00 PM
Donor 347,09/21/2024,9228,Name 347,50.00,1884,Barb Mackraz,10/07/2024 05:00:00 PM
Donor 348,09/21/2024,9229,Name 348,25.00,3377,Barb Mackraz,10/07/2024 05:00:00 PM
Donor 349,09/23/2024,9244,Name 349,47.63,45766747,Barb Mackraz,11/12/2024 04:00:00 PM
Donor 350,09/23/2024,9382,Name 350,50.60,45753538,Barb Mackraz,06/11/2025 04:46:29 PM
Donor 351,09/24/2024,9453,Name 351,14.72,,Peter Lee,07/01/2025 03:04:46 PM
Donor 352,09/30/2024,9238,Name 352,143.78,46006943,Barb Mackraz,11/12/2024 04:00:00 PM
Donor 353,09/30/2024,9396,Name 353,120.00,5U64HUNQ0R,Barb Mackraz,06/11/2025 05:45:10 PM
Donor 354,09/30/2024,9396,Name 354,120.00,5U64HUNQ0R,Barb Mackraz,06/11/2025 05:45:10 PM
Donor 355,10/02/2024,9227,Name 355,"2,500.00",75540,Barb Mackraz,10/08/2024 02:50:23 AM
Donor 356,10/11/2024,9383,Name 356,150.00,46399609,Barb Mackraz,06/11/2025 04:49:56 PM
Donor 357,10/16/2024,9241,Name 357,4.89,46522430,Barb Mackraz,11/12/2024 04:00:00 PM
Donor 358,10/16/2024,9387,Name 358,180.00,5VJW6V0M21,Barb Mackraz,06/11/2025 05:22:12 PM
Donor 359,10/16/2024,9397,Name 359,"19,000.00",9200502235,Barb Mackraz,06/12/2025 09:55:03 PM
Donor 360,10/16/2024,9398,Name 360,"2,000.00",18355,Barb Mackraz,06/12/2025 09:59:18 PM
Donor 361,10/18/2024,9237,Name 361,143.78,46592936,Barb Mackraz,11/12/2024 04:00:00 PM
Donor 362,10/18/2024,9399,Name 362,80.00,8590,Barb Mackraz,06/12/2025 10:02:25 PM
Donor 363,10/23/2024,9240,Name 363,50.60,46742101,Barb Mackraz,11/12/2024 04:00:00 PM
Donor 364,10/30/2024,9236,Name 364,143.78,46985881,Barb Mackraz,11/12/2024 04:00:00 PM
Donor 365,11/06/2024,9232,Name 365,120.00,6083,Barb Mackraz,11/10/2024 05:55:23 PM
Donor 366,11/08/2024,9447,Name 366,4.77,,Jim Mackraz,06/26/2025 03:36:24 PM
Donor 367,11/09/2024,9233,Name 367,100.00,1001,Barb Mackraz,11/10/2024 05:57:22 PM
Donor 368,11/09/2024,9235,Name 368,191.80,47315152,Barb Mackraz,11/12/2024 04:00:00 PM
Donor 369,11/10/2024,9451,Name 369,458.13,,Jim Mackraz,07/01/2025 02:45:33 PM
Donor 370,11/11/2024,9234,Name 370,95.75,47373019,Barb Mackraz,11/12/2024 04:00:00 PM
Donor 371,11/11/2024,9388,Name 371,10.27,5YEUXUMH4V,Barb Mackraz,06/11/2025 05:00:00 PM
Donor 372,11/12/2024,9246,Name 372,"1,000.00",151,Barb Mackraz,11/17/2024 08:55:37 PM
Donor 373,11/13/2024,9245,Name 373,"5,000.00",1671,Barb Mackraz,11/17/2024 08:53:26 PM
Donor 374,11/14/2024,9247,Name 374,500.00,00021148928,Barb Mackraz,11/18/2024 03:31:18 PM
Donor 375,11/16/2024,9249,Name 375,900.00,898,Barb Mackraz,11/21/2024 10:26:41 AM
Donor 376,11/16/2024,9249,Name 376,100.00,898,Barb Mackraz,11/21/2024 10:26:41 AM
Donor 377,11/16/2024,9250,Name 377,900.00,3105,Barb Mackraz,11/21/2024 10:30:00 AM
Donor 378,11/16/2024,9250,Name 378,100.00,3105,Barb Mackraz,11/21/2024 10:30:00 AM
Donor 379,11/18/2024,9248,Name 379,"1,000.00",240-923056-46379,Barb Mackraz,11/17/2024 04:00:00 PM
Donor 380,11/18/2024,9264,Name 380,143.78,47618935,Barb Mackraz,11/29/2024 04:00:00 PM
Donor 381,11/19/2024,9253,Name 381,"2,000.00",2372,Barb Mackraz,11/25/2024 06:10:27 PM
Donor 382,11/21/2024,9251,Name 382,"1,800.00",,Barb Mackraz,11/21/2024 09:40:36 PM
Donor 383,11/21/2024,9251,Name 383,200.00,,Barb Mackraz,11/21/2024 09:40:36 PM
Donor 384,11/21/2024,9259,Name 384,450.00,360,Barb Mackraz,11/30/2024 12:54:22 PM
Donor 385,11/21/2024,9259,Name 385,50.00,360,Barb Mackraz,11/30/2024 12:54:22 PM
Donor 386,11/21/2024,9260,Name 386,450.00,112,Barb Mackraz,11/30/2024 12:57:27 PM
Donor 387,11/21/2024,9260,Name 387,50.00,112,Barb Mackraz,11/30/2024 12:57:27 PM
Donor 388,11/21/2024,9452,Name 388,"8,400.85",,Peter Lee,07/01/2025 03:01:25 PM
Donor 389,11/23/2024,9255,Name 389,"1,800.00",170,Barb Mackraz,11/30/2024 12:44:07 PM
Donor 390,11/23/2024,9255,Name 390,200.00,170,Barb Mackraz,11/30/2024 12:44:07 PM
Donor 391,11/23/2024,9258,Name 391,900.00,155,Barb Mackraz,11/30/2024 12:51:18 PM
Donor 392,11/23/2024,9258,Name 392,100.00,155,Barb Mackraz,11/30/2024 12:51:18 PM
Donor 393,11/23/2024,9263,Name 393,50.60,47789353,Barb Mackraz,11/29/2024 04:00:00 PM
Donor 394,11/24/2024,9254,Name 394,479.95,47830736,Barb Mackraz,11/25/2024 04:00:00 PM
Donor 395,11/24/2024,9257,Name 395,250.00,1234,Barb Mackraz,11/30/2024 12:47:42 PM
Donor 396,11/24/2024,9265,Name 396,90.00,1505,Barb Mackraz,12/02/2024 01:24:31 PM
Donor 397,11/24/2024,9265,Name 397,10.00,1505,Barb Mackraz,12/02/2024 01:24:31 PM
Donor 398,11/25/2024,9256,Name 398,"1,000.00",0002202055,Barb Mackraz,11/30/2024 12:46:15 PM
Donor 399,11/25/2024,9268,Name 399,"1,000.00",15029488,Barb Mackraz,12/03/2024 08:02:37 PM
Donor 400,11/25/2024,9389,Name 400,24.28,60AR0FPZSM,Barb Mackraz,06/11/2025 05:27:19 PM
Donor 401,11/25/2024,9454,Name 401,175.44,,Peter Lee,07/01/2025 03:05:34 PM
Donor 402,11/26/2024,9390,Name 402,48.55,60TZ5P6V97,Barb Mackraz,06/11/2025 05:28:42 PM
Donor 403,11/27/2024,9266,Name 403,"2,000.00",0002221863,Barb Mackraz,12/02/2024 01:26:42 PM
Donor 404,11/27/2024,9267,Name 404,"1,000.00",4030855706,Barb Mackraz,12/02/2024 01:27:40 PM
Donor 405,11/27/2024,9391,Name 405,"1,000.00",60X5JS65LV,Barb Mackraz,06/11/2025 05:32:06 PM
Donor 406,11/30/2024,9261,Name 406,143.78,48031146,Barb Mackraz,11/29/2024 04:00:00 PM
Donor 407,11/30/2024,9262,Name 407,"10,800.00",,Barb Mackraz,11/30/2024 01:18:31 PM
Donor 408,11/30/2024,9262,Name 408,"1,200.00",,Barb Mackraz,11/30/2024 01:18:31 PM
Donor 409,12/04/2024,9269,Name 409,95.75,48262475,Barb Mackraz,12/04/2024 04:00:00 PM
Donor 410,12/05/2024,9271,Name 410,479.95,48304399,Barb Mackraz,12/06/2024 04:00:00 PM
Donor 411,12/06/2024,9270,Name 411,900.00,5871,Barb Mackraz,12/06/2024 04:05:26 PM
Donor 412,12/06/2024,9270,Name 412,100.00,5871,Barb Mackraz,12/06/2024 04:05:26 PM
Donor 413,12/07/2024,9384,Name 413,99.99,48385546,Barb Mackraz,06/11/2025 04:59:07 PM
Donor 414,12/09/2024,9272,Name 414,35.00,246,Barb Mackraz,12/09/2024 11:18:25 AM
Donor 415,12/09/2024,9280,Name 415,10.00,1159,Barb Mackraz,12/17/2024 08:12:12 PM
Donor 416,12/09/2024,9280,Name 416,90.00,1159,Barb Mackraz,12/17/2024 08:12:12 PM
Donor 417,12/10/2024,9274,Name 417,40.00,162,Barb Mackraz,12/12/2024 05:20:22 PM
Donor 418,12/10/2024,9275,Name 418,"1,000.00",2629,Barb Mackraz,12/12/2024 05:24:55 PM
Donor 419,12/12/2024,9273,Name 419,90.00,3053,Barb Mackraz,12/12/2024 05:17:21 PM
Donor 420,12/12/2024,9277,Name 420,419.99,48591886,Barb Mackraz,12/14/2024 10:03:27 AM
Donor 421,12/12/2024,9282,Name 421,"1,000.00",76164,Barb Mackraz,12/17/2024 08:14:39 PM
Donor 422,12/12/2024,9283,Name 422,"4,000.00",76163,Barb Mackraz,12/17/2024 08:17:26 PM
Donor 423,12/12/2024,9283,Name 423,"2,000.00",76163,Barb Mackraz,12/17/2024 08:17:26 PM
Donor 424,12/13/2024,9276,Name 424,"1,000.00",48623464,Barb Mackraz,12/12/2024 04:00:00 PM
Donor 425,12/13/2024,9278,Name 425,40.00,8600,Barb Mackraz,12/15/2024 10:11:38 AM
Donor 426,12/14/2024,9279,Name 426,120.00,8136,Barb Mackraz,12/15/2024 10:12:44 AM
Donor 427,12/15/2024,9293,Name 427,200.00,48698790,Barb Mackraz,12/27/2024 04:00:00 PM
Donor 428,12/16/2024,9285,Name 428,500.00,2466113,Barb Mackraz,12/21/2024 12:42:04 PM
Donor 429,12/17/2024,9281,Name 429,144.00,3061,Barb Mackraz,12/17/2024 08:13:27 PM
Donor 430,12/17/2024,9289,Name 430,"5,000.00",285944,Barb Mackraz,12/27/2024 10:56:02 PM
Donor 431,12/18/2024,9284,Name 431,500.00,371,Barb Mackraz,12/17/2024 08:25:07 PM
Donor 432,12/18/2024,9284,Name 432,"1,000.00",371,Barb Mackraz,12/17/2024 08:25:07 PM
Donor 433,12/18/2024,9288,Name 433,200.00,185127,Barb Mackraz,12/27/2024 10:43:50 PM
Donor 434,12/18/2024,9291,Name 434,120.00,48794565,Barb Mackraz,12/27/2024 04:00:00 PM
Donor 435,12/18/2024,9292,Name 435,143.78,48781722,Barb Mackraz,12/27/2024 11:22:07 PM
Donor 436,12/22/2024,9392,Name 436,394.50,64FB9JWB05,Barb Mackraz,06/11/2025 05:34:43 PM
Donor 437,12/23/2024,9286,Name 437,50.00,48978990,Barb Mackraz,12/24/2024 09:16:06 AM
Donor 438,12/23/2024,9298,Name 438,250.00,870779999,Barb Mackraz,01/02/2025 01:31:55 PM
Donor 439,12/23/2024,9385,Name 439,50.60,48969101,Barb Mackraz,06/11/2025 05:02:34 PM
Donor 440,12/24/2024,9290,Name 440,50.00,49024949,Barb Mackraz,12/27/2024 04:00:00 PM
Donor 441,12/24/2024,9294,Name 441,"2,200.00",3211046,Barb Mackraz,12/27/2024 11:41:25 PM
Donor 442,12/24/2024,9308,Name 442,"2,500.00",110,Barb Mackraz,01/23/2025 03:11:37 PM
Donor 443,12/24/2024,/,Name 443,287.85,49026637,Jim Mackraz,06/11/2025 05:06:30 PM
Donor 444,12/27/2024,9287,Name 444,150.00,49109677,Barb Mackraz,12/27/2024 02:52:00 PM
Donor 445,12/28/2024,9295,Name 445,15.00,49151355,Barb Mackraz,12/28/2024 04:00:00 PM
Donor 446,12/29/2024,9296,Name 446,"1,000.00",,Barb Mackraz,12/29/2024 11:14:05 PM
Donor 447,12/30/2024,9301,Name 447,960.20,49254382,Barb Mackraz,01/13/2025 01:55:06 AM
Donor 448,12/30/2024,9302,Name 448,143.78,49230684,Barb Mackraz,01/13/2025 01:58:19 AM
Donor 449,12/30/2024,9306,Name 449,246.91,49255471,Barb Mackraz,01/21/2025 01:52:59 PM
Donor 450,12/30/2024,9455,Name 450,176.52,,Peter Lee,07/01/2025 03:06:21 PM
Donor 451,12/31/2024,9297,Name 451,250.00,349,Barb Mackraz,12/30/2024 09:42:05 PM
Donor 452,12/31/2024,9386,Name 452,47.72,49313100,Barb Mackraz,06/11/2025 05:10:16 PM
Donor 453,01/02/2025,9299,Name 453,50.00,49389063,Barb Mackraz,01/05/2025 08:47:09 AM
Donor 454,01/07/2025,9300,Name 454,"2,200.00",240-939535-48180,Barb Mackraz,01/10/2025 02:22:09 AM
Donor 455,01/08/2025,9401,Name 455,99.99,49604702,Jim Mackraz,06/24/2025 03:17:01 PM
Donor 456,01/11/2025,9309,Name 456,50.00,787,Barb Mackraz,01/23/2025 03:12:43 PM
Donor 457,01/17/2025,9402,Name 457,24.96,49896014,Jim Mackraz,06/24/2025 03:18:54 PM
Donor 458,01/18/2025,9403,Name 458,143.78,49912445,Jim Mackraz,06/24/2025 03:21:16 PM
Donor 459,01/22/2025,9404,Name 459,310.00,50019014,Jim Mackraz,06/23/2025 05:00:00 PM
Donor 460,01/23/2025,9405,Name 460,50.60,50059996,Jim Mackraz,06/24/2025 03:28:08 PM
Donor 461,01/30/2025,9318,Name 461,"1,000.00",945440567,Barb Mackraz,02/10/2025 07:17:04 AM
Donor 462,01/30/2025,9322,Name 462,500.00,1132006055,Jim Mackraz,02/28/2025 12:57:22 PM
Donor 463,01/30/2025,9406,Name 463,143.78,50269903,Jim Mackraz,06/24/2025 03:29:47 PM
Donor 464,01/31/2025,9311,Name 464,500.00,1223,Barb Mackraz,02/03/2025 06:30:40 PM
Donor 465,02/03/2025,9312,Name 465,143.78,,Barb Mackraz,02/03/2025 10:38:47 PM
Donor 466,02/03/2025,9313,Name 466,310.00,,Barb Mackraz,02/03/2025 10:41:08 PM
Donor 467,02/04/2025,9314,Name 467,250.00,1247,Barb Mackraz,02/06/2025 07:31:31 PM
Donor 468,02/04/2025,9316,Name 468,500.00,2644,Barb Mackraz,02/06/2025 07:34:30 PM
Donor 469,02/05/2025,9315,Name 469,300.00,1054,Barb Mackraz,02/06/2025 07:33:08 PM
Donor 470,02/07/2025,9317,Name 470,50.00,,Barb Mackraz,02/07/2025 04:59:49 PM
Donor 471,02/18/2025,9407,Name 471,143.78,50910028,Jim Mackraz,06/24/2025 03:31:01 PM
Donor 472,02/20/2025,9321,Name 472,"2,000.00",1526,Jim Mackraz,02/28/2025 12:59:13 PM
Donor 473,02/23/2025,9408,Name 473,50.60,51066336,Jim Mackraz,06/24/2025 03:32:01 PM
Donor 474,02/28/2025,9409,Name 474,143.78,51294012,Jim Mackraz,06/24/2025 03:34:04 PM
Donor 475,03/01/2025,9410,Name 475,47.63,51339764,Jim Mackraz,06/24/2025 03:44:18 PM
Donor 476,03/03/2025,9327,Name 476,500.00,,Barb Mackraz,03/12/2025 08:40:29 PM
Donor 477,03/03/2025,9328,Name 477,500.00,,Barb Mackraz,03/12/2025 08:41:15 PM
Donor 478,03/05/2025,9325,Name 478,100.00,,Barb Mackraz,03/08/2025 01:29:19 AM
Donor 479,03/05/2025,9326,Name 479,"80,900.00",,Barb Mackraz,03/07/2025 04:00:00 PM
Donor 480,03/05/2025,9394,Name 480,52.80,6ACCS7NZMK,Barb Mackraz,06/11/2025 05:00:00 PM
Donor 481,03/05/2025,9463,Name 481,51.48,6ACCSZJAYD,Jim Mackraz,07/19/2025 05:00:00 PM
Donor 482,03/18/2025,9411,Name 482,143.78,52033329,Jim Mackraz,06/24/2025 03:45:16 PM
Donor 483,03/21/2025,9393,Name 483,500.00,6BEEZD8PZT,Barb Mackraz,06/11/2025 05:00:00 PM
Donor 484,03/21/2025,9412,Name 484,95.75,52152897,Jim Mackraz,06/24/2025 03:48:51 PM
Donor 485,03/21/2025,9413,Name 485,99.99,52153106,Jim Mackraz,06/24/2025 03:50:34 PM
Donor 486,03/21/2025,9414,Name 486,250.00,52153367,Jim Mackraz,06/24/2025 03:52:43 PM
Donor 487,03/21/2025,9415,Name 487,23.71,52153663,Jim Mackraz,06/24/2025 03:56:33 PM
Donor 488,03/21/2025,9416,Name 488,95.75,52153689,Jim Mackraz,06/24/2025 03:57:48 PM
Donor 489,03/21/2025,9417,Name 489,50.00,52157112,Jim Mackraz,06/24/2025 03:59:11 PM
Donor 490,03/21/2025,9418,Name 490,25.00,52160134,Jim Mackraz,06/24/2025 04:00:24 PM
Donor 491,03/23/2025,9419,Name 491,50.60,52220527,Jim Mackraz,06/24/2025 04:01:16 PM
Donor 492,03/23/2025,9420,Name 492,400.00,52242770,Jim Mackraz,06/24/2025 04:07:07 PM
Donor 493,03/24/2025,9340,Name 493,500.00,0003252924,Barb Mackraz,03/28/2025 05:00:00 PM
Donor 494,03/25/2025,9341,Name 494,750.00,1056,Barb Mackraz,03/28/2025 05:07:53 PM
Donor 495,03/25/2025,9421,Name 495,99.99,52322004,Jim Mackraz,06/24/2025 04:11:20 PM
Donor 496,03/26/2025,9422,Name 496,25.00,52379634,Jim Mackraz,06/24/2025 04:12:08 PM
Donor 497,03/27/2025,9464,Name 497,0.02,9AS90685GN9500538,Jim Mackraz,07/20/2025 02:34:07 PM
Donor 498,03/30/2025,9423,Name 498,143.78,52595962,Jim Mackraz,06/24/2025 04:13:29 PM
Donor 499,04/01/2025,9344,Name 499,"1,500.00",403127493,Barb Mackraz,04/04/2025 05:42:30 PM
Donor 500,04/01/2025,9395,Name 500,53.40,6CJ3G8V12M,Barb Mackraz,06/11/2025 05:41:59 PM
Donor 501,04/02/2025,9345,Name 501,500.00,407,Barb Mackraz,04/07/2025 04:29:40 PM
Donor 502,04/02/2025,9424,Name 502,47.10,52748613,Jim Mackraz,06/24/2025 04:15:56 PM
Donor 503,04/04/2025,9375,Name 503,100.00,,Barb Mackraz,05/15/2025 05:00:00 PM
Donor 504,04/07/2025,9346,Name 504,"2,000.00",376,Barb Mackraz,04/07/2025 09:00:09 PM
Donor 505,04/08/2025,9347,Name 505,500.00,5717,Barb Mackraz,04/08/2025 02:08:53 PM
Donor 506,04/09/2025,9425,Name 506,"1,000.00",52973369,Jim Mackraz,06/24/2025 04:16:36 PM
Donor 507,04/15/2025,9349,Name 507,"2,500.00",238,Barb Mackraz,04/15/2025 01:34:31 PM
Donor 508,04/16/2025,9350,Name 508,70.00,2657,Barb Mackraz,04/16/2025 07:00:27 PM
Donor 509,04/16/2025,9426,Name 509,191.30,53200881,Jim Mackraz,06/24/2025 04:17:58 PM
Donor 510,04/18/2025,9427,Name 510,143.40,53245453,Jim Mackraz,06/24/2025 04:19:01 PM
Donor 511,04/21/2025,9374,Name 511,"8,500.00",,Barb Mackraz,05/15/2025 10:00:53 PM
Donor 512,04/23/2025,9428,Name 512,50.47,53398791,Jim Mackraz,06/24/2025 04:19:42 PM
Donor 513,04/23/2025,9465,Name 513,202.52,1N752679UX9536725,Jim Mackraz,07/20/2025 02:35:15 PM
Donor 514,04/24/2025,9355,Name 514,200.00,6728,Barb Mackraz,04/29/2025 12:08:10 PM
Donor 515,04/24/2025,9429,Name 515,287.10,53439743,Jim Mackraz,06/24/2025 04:20:21 PM
Donor 516,04/26/2025,9430,Name 516,957.70,53511638,Jim Mackraz,06/24/2025 04:21:04 PM
Donor 517,04/26/2025,9431,Name 517,23.51,53513432,Jim Mackraz,06/24/2025 04:22:42 PM
Donor 518,04/28/2025,9354,Name 518,"1,000.00",239,Barb Mackraz,04/29/2025 12:06:08 PM
Donor 519,04/28/2025,9432,Name 519,239.20,53549720,Jim Mackraz,06/24/2025 04:23:24 PM
Donor 520,04/29/2025,9362,Name 520,250.00,103,Barb Mackraz,04/29/2025 06:00:55 PM
Donor 521,04/29/2025,9362,Name 521,250.00,103,Barb Mackraz,04/29/2025 06:00:55 PM
Donor 522,04/29/2025,9367,Name 522,250.00,15583520,Barb Mackraz,05/07/2025 02:41:40 PM
Donor 523,04/29/2025,9433,Name 523,47.60,53597968,Jim Mackraz,06/24/2025 04:24:29 PM
Donor 524,04/30/2025,9434,Name 524,143.40,53623631,Jim Mackraz,06/24/2025 04:25:06 PM
Donor 525,04/30/2025,9435,Name 525,49.62,53644752,Jim Mackraz,06/24/2025 04:25:50 PM
Donor 526,05/01/2025,9371,Name 526,200.00,950067227,Barb Mackraz,05/13/2025 03:13:05 PM
Donor 527,05/02/2025,9365,Name 527,"6,000.00",9200502235,Barb Mackraz,05/02/2025 11:00:18 AM
Donor 528,05/03/2025,9436,Name 528,992.25,53729871,Jim Mackraz,06/24/2025 04:29:05 PM
Donor 529,05/07/2025,9368,Name 529,"5,000.00",,Barb Mackraz,05/08/2025 07:33:46 PM
Donor 530,05/10/2025,9372,Name 530,24.00,1983,Barb Mackraz,05/13/2025 03:14:22 PM
Donor 531,05/12/2025,9369,Name 531,500.00,179,Barb Mackraz,05/12/2025 04:33:21 PM
Donor 532,05/12/2025,9370,Name 532,500.00,422,Barb Mackraz,05/12/2025 04:34:15 PM
Donor 533,05/14/2025,9376,Name 533,50.00,003538984,Barb Mackraz,05/22/2025 06:02:25 PM
Donor 534,05/18/2025,9437,Name 534,143.40,54230993,Jim Mackraz,06/24/2025 04:35:17 PM
Donor 535,05/22/2025,9377,Name 535,183.00,10863,Barb Mackraz,05/22/2025 06:04:40 PM
Donor 536,05/23/2025,9438,Name 536,50.47,54408991,Jim Mackraz,06/24/2025 04:35:58 PM
Donor 537,05/26/2025,9439,Name 537,98.95,54521515,Jim Mackraz,06/24/2025 04:37:00 PM
Donor 538,05/30/2025,9440,Name 538,143.40,54661021,Jim Mackraz,06/24/2025 04:37:44 PM
Donor 539,06/02/2025,9466,Name 539,400.00,1539465121TC,Barb Mackraz,07/22/2025 07:19:38 PM
Donor 540,06/04/2025,9448,Name 540,"2,000.00",950193750,Barb Mackraz,06/27/2025 10:45:12 AM
Donor 541,06/05/2025,9441,Name 541,47.25,54887077,Jim Mackraz,06/24/2025 04:39:32 PM
Donor 542,06/05/2025,9442,Name 542,95.52,54889939,Jim Mackraz,06/24/2025 04:41:14 PM
Donor 543,06/16/2025,9443,Name 543,335.00,55206687,Jim Mackraz,06/24/2025 04:42:24 PM
Donor 544,06/18/2025,9444,Name 544,143.40,55310758,Jim Mackraz,06/24/2025 04:42:59 PM
Donor 545,06/18/2025,9445,Name 545,23.14,55389636,Jim Mackraz,06/24/2025 04:45:10 PM
Donor 546,06/23/2025,9446,Name 546,50.47,55465951,Jim Mackraz,06/24/2025 04:46:25 PM
Donor 547,06/24/2025,9449,Name 547,300.00,1059,Barb Mackraz,06/27/2025 10:46:53 AM
Donor 548,06/24/2025,9450,Name 548,"20,000.00",05127923,Barb Mackraz,06/30/2025 05:00:00 PM
Donor 549,06/24/2025,9450,Name 549,"4,000.00",05127923,Barb Mackraz,06/30/2025 05:00:00 PM
Donor 550,06/30/2025,9456,Name 550,236.25,55670499,Peter Lee,07/03/2025 03:00:51 PM
Donor 551,06/30/2025,9457,Name 551,500.01,55670527,Peter Lee,07/03/2025 03:05:11 PM
Donor 552,06/30/2025,9458,Name 552,94.50,55670541,Peter Lee,07/03/2025 03:08:28 PM
Donor 553,06/30/2025,9459,Name 553,143.40,55702153,Peter Lee,07/03/2025 03:09:53 PM
Donor 554,07/01/2025,9462,Name 554,500.00,2680,Barb Mackraz,07/09/2025 04:57:42 PM
Donor 555,07/01/2025,9469,Name 555,478.70,55744547,Peter Lee,07/30/2025 02:27:24 PM
Donor 556,07/02/2025,9460,Name 556,"16,672.00",,Barb Mackraz,07/06/2025 05:00:00 PM
Donor 557,07/02/2025,9460,Name 557,"1,200.00",,Barb Mackraz,07/30/2025 09:25:46 PM
Donor 558,07/06/2025,9471,Name 558,94.50,55904146,Peter Lee,07/30/2025 02:36:01 PM
Donor 559,07/07/2025,9461,Name 559,"1,800.00",77535,Barb Mackraz,07/08/2025 05:00:00 PM
Donor 560,07/14/2025,9474,Name 560,0.02,8CH03434G07254407,Peter Lee,07/30/2025 03:05:53 PM
Donor 561,07/17/2025,9467,Name 561,250.00,105,Barb Mackraz,07/23/2025 10:45:22 AM
Donor 562,07/17/2025,9470,Name 562,47.51,56220366,Peter Lee,07/30/2025 02:33:35 PM
Donor 563,07/18/2025,9472,Name 563,143.40,56260868,Peter Lee,07/30/2025 02:37:05 PM
Donor 564,07/23/2025,9473,Name 564,50.47,56424510,Peter Lee,07/30/2025 02:37:46 PM
Donor 565,07/24/2025,9468,Name 565,"1,000.00",1761852,Barb Mackraz,07/29/2025 08:49:54 PM
Donor 566,07/28/2025,9506,Name 566,500.00,6MD9SX8E6Z,Peter Lee,11/17/2025 02:47:49 PM
Donor 567,07/28/2025,9506,Name 567,"1,500.00",6MD9SX8E6Z,Peter Lee,11/17/2025 02:47:49 PM
Donor 568,07/29/2025,9475,Name 568,"1,200.00",77627,Barb Mackraz,07/31/2025 01:46:24 PM
Donor 569,07/29/2025,9475,Name 569,800.00,77627,Barb Mackraz,07/31/2025 01:46:24 PM
Donor 570,07/30/2025,9505,Name 570,143.40,56732389,Peter Lee,11/17/2025 02:16:39 PM
Donor 571,08/12/2025,9476,Name 571,"1,200.00",77716,Barb Mackraz,08/14/2025 02:39:57 PM
Donor 572,08/12/2025,9476,Name 572,200.00,77716,Barb Mackraz,08/14/2025 02:39:57 PM
Donor 573,08/18/2025,9479,Name 573,143.40,57346925,Peter Lee,09/15/2025 12:59:57 PM
Donor 574,08/21/2025,9477,Name 574,400.00,00344348,Barb Mackraz,08/27/2025 02:40:55 PM
Donor 575,08/23/2025,9481,Name 575,50.47,,Peter Lee,09/15/2025 01:10:59 PM
Donor 576,08/25/2025,9478,Name 576,"9,000.00",05145038,Barb Mackraz,08/28/2025 03:12:12 PM
Donor 577,08/25/2025,9478,Name 577,"1,000.00",05145038,Barb Mackraz,08/28/2025 03:12:12 PM
Donor 578,08/30/2025,9480,Name 578,143.40,,Peter Lee,09/15/2025 01:02:24 PM
Donor 579,09/15/2025,9482,Name 579,700.00,,Barb Mackraz,09/15/2025 07:09:12 PM
Donor 580,09/18/2025,9499,Name 580,143.40,58480063,Peter Lee,11/17/2025 11:45:11 AM
Donor 581,09/23/2025,9483,Name 581,"5,000.00",0000995255,Barb Mackraz,09/26/2025 02:52:41 PM
Donor 582,09/23/2025,9500,Name 582,50.47,58671783,Peter Lee,11/17/2025 12:00:48 PM
Donor 583,09/29/2025,9484,Name 583,"1,125.00",78058,Barb Mackraz,09/29/2025 06:05:34 PM
Donor 584,09/30/2025,9487,Name 584,"3,640.50",,Julie Mikesell,10/13/2025 12:15:49 PM
Donor 585,09/30/2025,9501,Name 585,143.40,58930527,Peter Lee,11/17/2025 12:02:21 PM
Donor 586,10/09/2025,9485,Name 586,"3,300.00",595,Barb Mackraz,10/09/2025 01:21:56 PM
Donor 587,10/09/2025,9486,Name 587,500.00,215,Barb Mackraz,10/09/2025 01:24:37 PM
Donor 588,10/09/2025,9486,Name 588,500.00,215,Barb Mackraz,10/09/2025 01:24:37 PM
Donor 589,10/09/2025,9489,Name 589,"1,050.00",78346,Barb Mackraz,10/14/2025 02:40:39 PM
Donor 590,10/15/2025,9490,Name 590,"2,025.00",,Barb Mackraz,10/18/2025 08:51:04 AM
Donor 591,10/16/2025,9491,Name 591,500.00,359,Barb Mackraz,10/18/2025 08:53:32 AM
Donor 592,10/18/2025,9502,Name 592,143.40,59591152,Peter Lee,11/17/2025 12:03:19 PM
Donor 593,10/22/2025,9492,Name 593,"1,860.00",598,Barb Mackraz,10/25/2025 11:28:10 AM
Donor 594,10/22/2025,9493,Name 594,"1,000.00",1799477,Barb Mackraz,10/28/2025 02:12:32 PM
Donor 595,10/22/2025,9493,Name 595,500.00,1799477,Barb Mackraz,10/28/2025 02:14:01 PM
Donor 596,10/23/2025,9503,Name 596,50.47,59755004,Peter Lee,11/17/2025 12:04:26 PM
Donor 597,10/30/2025,9504,Name 597,143.40,60011959,Peter Lee,11/17/2025 12:05:05 PM
Donor 598,10/31/2025,9537,Name 598,100.00,6VJ4LTDZ9T,Jim Mackraz,03/01/2026 06:23:37 PM
Donor 599,11/01/2025,9494,Name 599,300.00,216,Barb Mackraz,11/03/2025 07:49:07 AM
Donor 600,11/01/2025,9495,Name 600,9.59,9424300002,Barb Mackraz,11/03/2025 07:52:11 AM
Donor 601,11/01/2025,9496,Name 601,80.00,,Barb Mackraz,11/03/2025 07:53:45 AM
Donor 602,11/09/2025,9538,Name 602,25.00,60373765,Jim Mackraz,03/01/2026 06:24:37 PM
Donor 603,11/15/2025,9497,Name 603,260.00,,Barb Mackraz,11/15/2025 07:24:20 PM
Donor 604,11/17/2025,9498,Name 604,"1,000.00",78674,Barb Mackraz,11/17/2025 11:35:26 AM
Donor 605,11/17/2025,9539,Name 605,"2,000.00",6XPTY1HZL5,Jim Mackraz,03/01/2026 06:26:31 PM
Donor 606,11/18/2025,9540,Name 606,143.40,60686751,Jim Mackraz,03/01/2026 06:28:05 PM
Donor 607,11/22/2025,9541,Name 607,400.00,6YFBQUTSAV,Jim Mackraz,03/01/2026 06:28:56 PM
Donor 608,11/23/2025,9542,Name 608,50.47,60849382,Jim Mackraz,03/01/2026 06:29:43 PM
Donor 609,11/24/2025,9509,Name 609,"3,000.00",201,Barb Mackraz,11/28/2025 06:18:12 PM
Donor 610,11/25/2025,9507,Name 610,250.00,78870,Barb Mackraz,11/28/2025 06:14:59 PM
Donor 611,11/25/2025,9508,Name 611,"2,000.00",0005382341,Barb Mackraz,11/28/2025 06:17:06 PM
Donor 612,11/30/2025,9543,Name 612,143.40,61088580,Jim Mackraz,03/01/2026 06:30:21 PM
Donor 613,12/01/2025,9510,Name 613,"1,000.00",2726,Barb Mackraz,12/05/2025 08:34:12 PM
Donor 614,12/01/2025,9516,Name 614,100.00,1284,Barb Mackraz,12/09/2025 03:26:42 PM
Donor 615,12/02/2025,9511,Name 615,100.00,2725,Barb Mackraz,12/05/2025 08:35:52 PM
Donor 616,12/02/2025,9517,Name 616,200.00,195258,Barb Mackraz,12/09/2025 03:29:18 PM
Donor 617,12/03/2025,9512,Name 617,100.00,1064,Barb Mackraz,12/08/2025 11:51:32 AM
Donor 618,12/04/2025,9513,Name 618,"1,500.00",3400,Barb Mackraz,12/08/2025 01:07:03 PM
Donor 619,12/08/2025,9514,Name 619,145.00,2270,Barb Mackraz,12/09/2025 09:05:33 AM
Donor 620,12/08/2025,9515,Name 620,130.00,2269,Barb Mackraz,12/09/2025 09:06:39 AM
Donor 621,12/09/2025,9518,Name 621,750.00,108,Barb Mackraz,12/09/2025 09:41:59 PM
Donor 622,12/11/2025,9544,Name 622,"1,000.01",61584260,Jim Mackraz,03/01/2026 06:31:27 PM
Donor 623,12/13/2025,9545,Name 623,478.70,61667514,Jim Mackraz,03/01/2026 06:32:23 PM
Donor 624,12/15/2025,9519,Name 624,200.00,1288,Barb Mackraz,12/18/2025 02:04:32 PM
Donor 625,12/15/2025,9528,Name 625,"1,000.00",16163359,Barb Mackraz,12/26/2025 04:08:57 PM
Donor 626,12/15/2025,9546,Name 626,239.53,61733747,Jim Mackraz,03/01/2026 06:33:12 PM
Donor 627,12/15/2025,9547,Name 627,23.51,61733827,Jim Mackraz,03/01/2026 06:34:40 PM
Donor 628,12/15/2025,9548,Name 628,50.00,61733888,Jim Mackraz,03/01/2026 06:35:38 PM
Donor 629,12/15/2025,9549,Name 629,5.01,61736402,Jim Mackraz,03/01/2026 06:36:28 PM
Donor 630,12/15/2025,9550,Name 630,95.50,61736693,Jim Mackraz,03/01/2026 06:37:12 PM
Donor 631,12/16/2025,9524,Name 631,100.00,124,Barb Mackraz,12/22/2025 05:26:09 PM
Donor 632,12/16/2025,9525,Name 632,500.00,0005647484,Barb Mackraz,12/23/2025 04:43:35 PM
Donor 633,12/17/2025,9530,Name 633,500.00,6068352,Barb Mackraz,12/30/2025 02:16:50 PM
Donor 634,12/17/2025,9551,Name 634,500.01,61812320,Jim Mackraz,03/01/2026 06:38:26 PM
Donor 635,12/18/2025,9552,Name 635,143.40,61833592,Jim Mackraz,03/01/2026 06:39:02 PM
Donor 636,12/19/2025,9520,Name 636,200.00,5155,Barb Mackraz,12/19/2025 04:53:52 PM
Donor 637,12/19/2025,9521,Name 637,"1,000.00",WFCT0ZM2LGPP,Barb Mackraz,12/19/2025 04:56:08 PM
Donor 638,12/19/2025,9522,Name 638,"1,000.00",27397308816,Barb Mackraz,12/21/2025 08:12:22 AM
Donor 639,12/19/2025,9523,Name 639,"1,000.00",Scholarship for Danie,Barb Mackraz,12/21/2025 08:13:33 AM
Donor 640,12/22/2025,9553,Name 640,20.00,61973779,Jim Mackraz,03/01/2026 06:46:06 PM
Donor 641,12/22/2025,9554,Name 641,23.65,62004192,Jim Mackraz,03/01/2026 06:47:08 PM
Donor 642,12/22/2025,9555,Name 642,95.50,62006044,Jim Mackraz,03/01/2026 06:48:38 PM
Donor 643,12/23/2025,9527,Name 643,321.50,3707,Barb Mackraz,12/26/2025 04:06:57 PM
Donor 644,12/23/2025,9556,Name 644,50.47,62021120,Jim Mackraz,03/01/2026 06:49:19 PM
Donor 645,12/23/2025,9557,Name 645,191.30,62039882,Jim Mackraz,03/01/2026 06:50:53 PM
Donor 646,12/24/2025,9558,Name 646,574.50,62077075,Jim Mackraz,03/01/2026 06:53:05 PM
Donor 647,12/26/2025,9526,Name 647,163.61,62N11087KM834231X,Barb Mackraz,12/26/2025 11:42:12 AM
Donor 648,12/29/2025,9559,Name 648,191.30,62269416,Jim Mackraz,03/01/2026 06:53:54 PM
Donor 649,12/30/2025,9560,Name 649,143.40,62292485,Jim Mackraz,03/01/2026 06:54:24 PM
Donor 650,12/30/2025,9561,Name 650,494.79,62299981,Jim Mackraz,03/01/2026 06:57:43 PM
Donor 651,12/30/2025,9562,Name 651,200.00,73AELXAQZ7,Jim Mackraz,03/01/2026 06:58:26 PM
Donor 652,12/31/2025,9529,Name 652,7.75,18115855747,Barb Mackraz,12/29/2025 01:04:22 PM
Donor 653,12/31/2025,9563,Name 653,95.50,62332062,Jim Mackraz,03/01/2026 06:59:47 PM
Donor 654,12/31/2025,9564,Name 654,191.30,62364275,Jim Mackraz,03/01/2026 07:00:21 PM
Donor 655,01/02/2026,9565,Name 655,500.01,62465727,Jim Mackraz,03/01/2026 07:02:08 PM
Donor 656,01/08/2026,9532,Name 656,"2,000.00",16281869,Barb Mackraz,01/20/2026 10:33:56 AM
Donor 657,01/08/2026,9532,Name 657,200.00,16281869,Barb Mackraz,01/20/2026 10:33:56 AM
Donor 658,01/12/2026,9533,Name 658,"8,100.00",16285506,Barb Mackraz,01/21/2026 01:10:52 PM
Donor 659,01/12/2026,9533,Name 659,900.00,16285506,Barb Mackraz,01/21/2026 01:10:52 PM
Donor 660,01/13/2026,9566,Name 660,"1,000.00",62824058,Jim Mackraz,03/01/2026 07:02:53 PM
Donor 661,01/15/2026,9567,Name 661,5.01,62879399,Jim Mackraz,03/01/2026 07:03:26 PM
Donor 662,01/18/2026,9531,Name 662,"2,000.00",665,Barb Mackraz,01/18/2026 03:53:43 PM
Donor 663,01/18/2026,9568,Name 663,143.40,62966935,Jim Mackraz,03/01/2026 07:04:01 PM
Donor 664,01/20/2026,9534,Name 664,"2,250.00",1629,Barb Mackraz,01/23/2026 07:47:07 AM
Donor 665,01/20/2026,9535,Name 665,"5,000.00",62223852,Barb Mackraz,02/09/2026 03:53:46 PM
Donor 666,01/23/2026,9569,Name 666,50.47,63124853,Jim Mackraz,03/01/2026 07:04:30 PM
Donor 667,01/30/2026,9570,Name 667,143.40,63384270,Jim Mackraz,03/01/2026 07:05:04 PM
Donor 668,02/15/2026,9571,Name 668,5.01,63991537,Jim Mackraz,03/01/2026 07:05:40 PM
Donor 669,02/15/2026,9572,Name 669,100.01,63998567,Jim Mackraz,03/01/2026 07:07:00 PM
Donor 670,02/16/2026,9536,Name 670,"1,100.00",679,Barb Mackraz,02/20/2026 01:31:15 PM
Donor 671,02/16/2026,9573,Name 671,143.06,64030602,Jim Mackraz,03/01/2026 07:07:53 PM
Donor 672,02/18/2026,9574,Name 672,143.40,64084791,Jim Mackraz,03/01/2026 07:08:57 PM
Donor 673,02/22/2026,9575,Name 673,20.00,64259232,Jim Mackraz,03/01/2026 07:09:28 PM
Donor 674,02/23/2026,9576,Name 674,50.47,64280142,Jim Mackraz,03/01/2026 07:10:03 PM
TOTAL,,,,"$886,535.23",,,



" Tuesday, March 03, 2026 12:05 AM GMT-08:00",,,,,,,
